<?xml version="1.0" encoding="UTF-8"?>
<project-private xmlns="http://www.netbeans.org/ns/project-private/1">
    <editor-bookmarks xmlns="http://www.netbeans.org/ns/editor-bookmarks/2" lastBookmarkId="0"/>
    <open-files xmlns="http://www.netbeans.org/ns/projectui-open-files/2">
        <group>
            <file>file:/C:/Users/Usuario/Documents/NetBeansProjects/Zoo/src/zoo/Animal.java</file>
            <file>file:/C:/Users/Usuario/Documents/NetBeansProjects/Zoo/src/zoo/Peixe.java</file>
            <file>file:/C:/Users/Usuario/Documents/NetBeansProjects/Zoo/src/zoo/Lobo.java</file>
            <file>file:/C:/Users/Usuario/Documents/NetBeansProjects/Zoo/src/zoo/GoldFish.java</file>
            <file>file:/C:/Users/Usuario/Documents/NetBeansProjects/Zoo/src/zoo/Mamifero.java</file>
            <file>file:/C:/Users/Usuario/Documents/NetBeansProjects/Zoo/src/zoo/Cobra.java</file>
            <file>file:/C:/Users/Usuario/Documents/NetBeansProjects/Zoo/src/zoo/Tartaruga.java</file>
            <file>file:/C:/Users/Usuario/Documents/NetBeansProjects/Zoo/src/zoo/Ave.java</file>
            <file>file:/C:/Users/Usuario/Documents/NetBeansProjects/Zoo/src/zoo/Canguru.java</file>
            <file>file:/C:/Users/Usuario/Documents/NetBeansProjects/Zoo/src/zoo/Cachorro.java</file>
            <file>file:/C:/Users/Usuario/Documents/NetBeansProjects/Zoo/src/zoo/Arara.java</file>
            <file>file:/C:/Users/Usuario/Documents/NetBeansProjects/Zoo/src/zoo/Reptil.java</file>
            <file>file:/C:/Users/Usuario/Documents/NetBeansProjects/Zoo/src/zoo/Zoo.java</file>
        </group>
    </open-files>
</project-private>
